model_name,overall_dataset_auc,mean,std,max,min,range,gini_coefficient,average_auc,eawi_alpha_10,eawi_alpha_20,eawi_alpha_30
gru_td0.0,0.7839484731655506,0.6489363861062935,0.19744730830770996,1.0,0.0,1.0,0.16496104040802595,0.6489363861062935,0.5418871646955749,0.4524968942236375,0.37785253577110584
gru_td0.1,0.7822174960982722,0.6464163097450631,0.1972610238875506,1.0,0.0,1.0,0.16568767084291713,0.6464163097450631,0.5393130969885299,0.44995556609342013,0.37540347636459515
gru_td0.01,0.7839195915123254,0.6490939878765868,0.19783742316654565,1.0,0.0,1.0,0.16530141383879135,0.6490939878765868,0.5417978339663276,0.45223788599689896,0.3774823240501454
gru_td0.2,0.7854128563122805,0.6502937071197653,0.19506512830694228,1.0,0.0,1.0,0.1626273571220678,0.6502937071197653,0.5445381601777659,0.4559813583359426,0.38182631513283777
gru_td0.5,0.7856440645170244,0.6526505838895119,0.19473799171444553,1.0,0.0,1.0,0.1620164501712573,0.6526505838895119,0.5469104530855348,0.45830196291506253,0.38404950577704483
gru_td0.05,0.7849151242238188,0.6494401600417246,0.1949610873558033,1.0,0.0,1.0,0.16285770800473934,0.6494401600417246,0.5436738240910982,0.4551323511974501,0.3810105396426253
gru_td0.7,0.7853715590759359,0.653531646306232,0.19441489151558503,1.0,0.0,1.0,0.1614916109077309,0.653531646306232,0.5479917679650571,0.4594956945922046,0.38529099466734273
gru_td0.075,0.7836089035378677,0.6500770411094303,0.19538519729510154,1.0,0.0,1.0,0.16297433507917194,0.6500770411094303,0.5441311675843854,0.4554517523514668,0.3812248058513428
gru_td1.0,0.7825929348184927,0.6491697557393098,0.19459427016227784,1.0,0.0,1.0,0.16269564906426953,0.6491697557393098,0.5435526609764095,0.45511900799824173,0.38107312559048134
